0,1
L'amour est dans le pré,Divertissement
Pékin Express,Divertissement
Recherche appartement ou maison,Divertissement
La France a un incroyable talent,Divertissement
Maison à vendre,Divertissement
Florence Foresti & Friends,Divertissement
Top Chef,Divertissement
Cauchemar en cuisine,Divertissement
Patron incognito,Divertissement
Magnifique by Cristina,Divertissement
Cauchemar à l'hôtel,Divertissement
Les montagnes russes,Divertissement
Génération Hit Machine,Divertissement
Gordon derrière les barreaux,Divertissement
Lady Oscar,Divertissement
Norbert & Jean : le défi !,Divertissement
Le Meilleur pâtissier,Divertissement
Les reines du shopping,Divertissement
La meilleure boulangerie de France,Divertissement
Les princes et les princesses de l'amour,Divertissement
Les Marseillais vs le reste du monde,Divertissement
Objectif Top Chef,Divertissement
50 façons de (presque) tuer sa mère,Divertissement
Storage Wars : enchères surprises,Divertissement
Norbert commis d'office,Divertissement
Le bouffon du président,Divertissement
Chasseurs d'appart',Divertissement
Un dîner presque parfait,Divertissement
Le Hit W9,Divertissement
Déco ou négo,Divertissement
Michaël Gregorio : j'ai 10 ans !,Divertissement
Le zapping de la télé,Divertissement
Les real housewives de New York,Divertissement
Les 20 chanteurs préférés des Français,Divertissement
Mariés au premier regard - version US,Divertissement
Mariés au premier regard Belgique,Divertissement
Bébés 5 étoiles : au cœur d'une maternité de luxe,Divertissement
Les rois de la réno,Divertissement
Téva comedy show,Divertissement
Cauchemar en cuisine : 24h en enfer,Divertissement
L'incroyable famille Kardashian,Divertissement
Vous avez un colis,Divertissement
Manon + Julien,Divertissement
Les recettes de Raymond Blanc : spéciale Noël,Divertissement
HDM : l'hebdo de la musique,Divertissement
Le bal des désobéissantes,Divertissement
L'incroyable show d'Éric Antoine,Divertissement
Dr Cath,Divertissement
Happy & Zen,Divertissement
Incroyables transformations,Divertissement
Face-à-face,Divertissement
Le zapping des fratés,Divertissement
Le Morning Night,Divertissement
Véronique Gallo : the one mother show,Divertissement
Les reines de la route,Divertissement
Les Reines du Dressing,Divertissement
Dîner avec mon ex,Divertissement
Qui veut être mon associé ?,Divertissement
Born in 90,Divertissement
Le moins pire pâtissier,Divertissement
Élodie Poux - Le syndrome du Playmobil,Divertissement
Anne Roumanoff à l'Olympia - Tout va bien !,Divertissement
"Tous en cuisine, en direct avec Cyril Lignac",Divertissement
Dr Cath - Mission adoption,Divertissement
Les Real Housewives d'Orange County,Divertissement
Below Deck,Divertissement
"Joe Dassin, les meilleures chansons",Divertissement
VIP House Tour,Divertissement
Lego Masters,Divertissement
Thais : hymne à la joie,Divertissement
Werq the World,Divertissement
Piquantes !,Divertissement
Batch cooking,Divertissement
Naked attraction,Divertissement
Tattoo confessions,Divertissement
Laura + Niko = BB Zlatan,Divertissement
Mylène Farmer - live 2009 au Stade France,Divertissement
Extravagantes,Divertissement
Shade : Queens of NYC,Divertissement
Les 100 vidéos qui ont fait rire le monde entier,Divertissement
Marion Motin : danse avec la louve,Divertissement
Battlebots : le choc des robots,Divertissement
Fun radio live stream experience,Divertissement
Dinner date,Divertissement
On a échangé nos vacances,Divertissement
On a échangé nos maisons,Divertissement
There's something you should know,Divertissement
Conduite dangereuse,Divertissement
Déchaîne-toi ou meurs !,Divertissement
"À vos marques, prêts, rénovez !",Divertissement
Les moins pires bricoleurs,Divertissement
La cage aux folles,Divertissement
"ETRE UNE FEMME, LES GRANDS ENTRETIENS",Divertissement
NRJ INSTANT LIVE,Divertissement
C'CAUET LE MEILLEUR,Divertissement
Dynamo : magicien de l'impossible,Divertissement
"Thierry Le Luron, les plus grands sketchs",Divertissement
Gaspard Proust tapine,Divertissement
"Everyday gourmet, Christmas special",Divertissement
The ultimate rush,Divertissement
Russel Coight : le pire aventurier d'Australie,Divertissement
The Sweet Life,Divertissement
Game of clones,Divertissement
Jumelles Incognito,Divertissement
Objectif : reste du monde,Divertissement
La robe de ma vie,Divertissement
Mariés au premier regard,Divertissement
Je préfère qu'on reste amis,Divertissement
Le Meilleur pâtissier : gâteaux sur commande,Divertissement
Lego Masters : extra brique,Divertissement
Les grands de l'humour font leur show,Divertissement
"Comiques de légende, les plus grands sketchs",Divertissement
"La France a un incroyable talent, ça continue",Divertissement
Les incroyables talents de la musique,Divertissement
Top chef : les restaurants les plus extraordinaires,Divertissement
Divina,Divertissement
À la conquête des parcs américains,Divertissement
Jamie Oliver : repas simples pour tous les jours,Divertissement
6play Comedy Show,Divertissement
Incroyables transformations,Divertissement
Just one night,Divertissement
Qui veut être mon associé ? La suite,Divertissement
What happens at the abbey,Divertissement
Model squad,Divertissement
Speedcubing a brain sport,Divertissement
Créatures extrêmes : le défi,Divertissement
Cosplay melee,Divertissement
HEROES OF COSPLAY,Divertissement
Naked Vegas,Divertissement
Les real housewives d'Atlanta,Divertissement
Vanderpump rules,Divertissement
Tatoueurs de nuit,Divertissement
SISTERHOOD OF HIP HOP,Divertissement
Strut,Divertissement
Stranded : abandonnés dans des lieux hantés,Divertissement
Les Real Housewives de Dallas,Divertissement
Love Coaching,Divertissement
Le grand gala de l'humour politique 2021,Divertissement
Dressing VIP by Maeva,Divertissement
Mission princes et princesses : qui décrochera la couronne ?,Divertissement
Love Island UK,Divertissement
Back to 1991,Divertissement
Le monde selon Chuck,Divertissement
Outback Gourmet,Divertissement
L'art de la pâtisserie avec Juliet Sear,Divertissement
Date Night,Divertissement
Mamans et célèbres,Divertissement
Les princes et les princesses de l'amour,Divertissement
JLC Family,Divertissement
Undressed,Divertissement
Familles nombreuses : la vie en XXL,Divertissement
Au top en cuisine !,Divertissement
Projet haute couture,Divertissement
Christmas Battle : les illuminés de Noël,Divertissement
Fort Boyard,Divertissement
Les reines de la route,Divertissement
La cuisine Méditerranéenne d'Ainsley,Divertissement
10 Couples Parfaits,Divertissement
Saveurs d'Asie avec Diana Chan,Divertissement
Les reines du make-up spéciale Milla Jasmine,Divertissement
Made in Chelsea,Divertissement
Cuisinons vegan !,Divertissement
Gordon Ramsay : recettes en famille,Divertissement
La robe de ses rêves,Divertissement
#Richkids of Beverly Hills,Divertissement
"Andris Nelsons dirige la symphonie ""Résurrection""",Divertissement
"Passions - Venise, aux frontières du profane et du sacré",Divertissement
Patti Smith - Live at Montreux 2005,Divertissement
Concert de la Saint-Sylvestre 2021 avec les Berliner Philharmoniker,Divertissement
Concert du Nouvel An 2022 à la Fenice de Venise,Divertissement
"""La vie parisienne"" de Jacques Offenbach",Divertissement
Nos chers voisins,Divertissement
Les Reines du make-up : spéciale Horia,Divertissement
Les Reines du make-up : spéciale Drag Queen,Divertissement
Top Chef Stories : le restaurant éphémère,Divertissement
Les 30 ans du Top 50,Divertissement
Cauchemar en cuisine avec Gordon Ramsay,Divertissement
Gordon Ramsay : les recettes du chef 3 étoiles,Divertissement
Les Marseillais à Dubaï,Divertissement
Les Reines du make-up,Divertissement
"Tous en cuisine, en direct avec cyril lignac",Divertissement
Jamie oliver : repas simples pour tous les jours,Divertissement
Les Enfoirés-Restos du Coeur,Divertissement
Camille & Images,Divertissement
Rock en Seine,Divertissement
Target,Divertissement
Tout le monde a son mot à dire,Divertissement
Mon plus beau Noël,Divertissement
Alana et la cité d'opale,Divertissement
La fête de la liberté,Divertissement
Chilla à la Gaîté Lyrique,Divertissement
Cuisine ouverte,Divertissement
"Basique, le concert",Divertissement
Mamans et célèbres fêtent Noël,Divertissement
Elles font l'art,Divertissement
District Z,Divertissement
Le monde à l'envers,Divertissement
"Les enfants de la télé, la suite",Divertissement
Bons baisers de Vienne,Divertissement
Le Lion et le Moucheron,Divertissement
Ring Comédie Club,Divertissement
Le Singe et le Dauphin,Divertissement
Canap 2002,Divertissement
Le Torrent et la Rivière,Divertissement
Les Victoires du jazz 2021,Divertissement
Le livre de ma mère,Divertissement
Alex Vizorek est une dernière fois une oeuvre d'art,Divertissement
Jazz sous les Pommiers,Divertissement
Les deux Taureaux et une Grenouille,Divertissement
Tout le monde veut prendre sa place,Divertissement
Jérémy Lorca,Divertissement
Festival d'Ambronay,Divertissement
La Laitière et le Pot au lait,Divertissement
Fort Boyard,Divertissement
SEQUENCES x Rex Club : Traumer & DJ Deep,Divertissement
La grande soirée du 31 à Chantilly,Divertissement
Olivia Ruiz aux Bouffes du Nord,Divertissement
8 chances de tout gagner,Divertissement
Insomnie,Divertissement
Concert Leonie,Divertissement
Le grand Slam,Divertissement
L'Oiseau de feu de Stravinski à la Philharmonie de Paris,Divertissement
Les 12 Coups de Midi,Divertissement
Montpellier danse,Divertissement
Le jeu Lumni,Divertissement
Le Combat des Rats et des Belettes,Divertissement
La Forza del Destino de Verdi à l'Opéra Royal de Wallonie,Divertissement
Vu de l'année,Divertissement
Zaz aux Carrières de Lumières,Divertissement
Atelier Vania,Divertissement
Adèle : One Night Only,Divertissement
L’Agence - L’immobilier de luxe en famille,Divertissement
Le Chat et le Rat,Divertissement
Sylvie Guillem dans la collection Machins Choses,Divertissement
Le Rat et l’Huître,Divertissement
Thomas de Pourquery dans la collection Machins Choses,Divertissement
300 choeurs,Divertissement
L'Orchestre de Paris au Musée d’Orsay,Divertissement
Burger Quiz,Divertissement
Culturebox l'émission,Divertissement
Le Grand Urbain,Divertissement
Francofolies De La Rochelle,Divertissement
Jazz à Vienne,Divertissement
Miss France,Divertissement
Comment être belle toute nue,Divertissement
“Bach Plucked/Unplucked” par Violaine Cochard et Edouard Ferlet au Festival d’Ambronay 2021,Divertissement
Des chiffres et des lettres,Divertissement
Festival de Sablé,Divertissement
L’Avantage de la science,Divertissement
10 Couples Parfaits,Divertissement
Questions pour un champion,Divertissement
Mon Premier Lac des Cygnes,Divertissement
Championnes : Familles de Footballeurs,Divertissement
E4 : Charlotte Adigéry en session live dans la collection Nova Set,Divertissement
Bâtiment B,Divertissement
"Follow Me, 7 it-girls à Coachella",Divertissement
La Bataille des Couples,Divertissement
Les nocturnes de l'urbain,Divertissement
Y'a pas d'erreur ?,Divertissement
Nova Set,Divertissement
Les 12 rendez-vous de Noël,Divertissement
Le bêtisier de Noël,Divertissement
"Eva, dans son mood",Divertissement
Voyages & délices by Chef Kelly,Divertissement
Jelin,Divertissement
Jazz à la Villette,Divertissement
E3 : Malik Djoudi en session live dans la collection Nova Set,Divertissement
Tous ensemble pour Noël,Divertissement
Le Berger et la Mer,Divertissement
The Voice Kids,Divertissement
Moonwalk,Divertissement
Farnace de Vivaldi au Teatro Malibran,Divertissement
Banlieues bleues,Divertissement
Ben Mazué en session live dans Bâtiment B,Divertissement
Le Loup et le Chasseur,Divertissement
“Miracolo d’Amore” par L’Arpeggiata au Festival d’Ambronay 2021,Divertissement
Gilberto Gil à la philharmonie,Divertissement
Isaac Delusion dans la collection Dream Up,Divertissement
Le Jardinier et son Seigneur,Divertissement
Super Nanny,Divertissement
Vieilles Charrues,Divertissement
Philippe Découflé dans la collection Machins Choses,Divertissement
We love chanson française,Divertissement
Kassav' à La Défense Arena,Divertissement
La Grenouille et le Rat,Divertissement
Mamans et célèbres,Divertissement
Ferber Session,Divertissement
Thibaut Garcia en concert aux Grandes Écuries de Chantilly,Divertissement
Tony chasseur fait son Paris d'artiste,Divertissement
Les Vieilles Charrues,Divertissement
C'est Canteloup,Divertissement
La relève du rire,Divertissement
Chloé et Vassilena Serafimova dans Sequenza,Divertissement
Slam,Divertissement
Chacun son Tour,Divertissement
Re:incarnation de Qudus Onikeku à la Biennale de la Danse,Divertissement
Le Cycle de l’Absurde par Raphaëlle Boitel pour le Centre National des Arts du Cirque,Divertissement
N'oubliez pas les paroles,Divertissement
"No Cut : Lilly Wood and the Prick, Ichon, Jeanne Cherhal, Thylacine et Ko Ko Mo",Divertissement
Questions pour un super champion,Divertissement
Näss (Les Gens) par la Compagnie Massala à la Maison de la danse de Lyon,Divertissement
Marie Oppert - Enchantée,Divertissement
Palmashow - Very Bad Blagues,Divertissement
Trouvez l'intrus,Divertissement
Les enfants de la télé,Divertissement
Samedi d'en rire,Divertissement
Les bêtisiers,Divertissement
Mika symphonique à la philharmonie,Divertissement
"Proust, le concert retrouvé à la Philharmonie de Paris",Divertissement
Gringe en live aux Vieilles Charrues 2019,Divertissement
L’Âne et le petit Chien,Divertissement
Profession Comédien,Divertissement
Concert du Nouvel An,Divertissement
"Cleaners, les experts du ménage",Divertissement
Qui Va Piano Va Sano,Divertissement
Les deux Chiens et l’Âne mort,Divertissement
Petits Plats en équilibre,Divertissement
L'Avare,Divertissement
Le mondial air ballons 2021,Divertissement
L’Homme et l’Idole de bois,Divertissement
Gauvain Sers : la voix des oubliés,Divertissement
Première Rencontre,Divertissement
E10 : Limsa d’Aulnay en session live dans la collection Nova Set,Divertissement
L’Âne et ses Maîtres de La Fontaine par Arthur Nauczyciel,Divertissement
DJ Snake à l'U Arena,Divertissement
Main Square Festival,Divertissement
Les Vieilles Canailles,Divertissement
L’Oiseau blessé d’une flèche,Divertissement
Autour De...,Divertissement
Téléshopping,Divertissement
JLC Family : La Fin ?,Divertissement
E7 : Elia en session live dans la collection Nova Set,Divertissement
Gisèle Casadesus dans la collection Machins Choses,Divertissement
Hélène Grimaud dans la collection Machins Choses,Divertissement
Le Chameau et les Bâtons flottants,Divertissement
Les 30 chansons de Céline Dion que vous n’oublierez jamais,Divertissement
Rires en plein air,Divertissement
Franck Dubosc - Fifty/Fifty,Divertissement
Culturebox Festival,Divertissement
La Mouche et la Fourmi,Divertissement
Variations,Divertissement
Anne Roumanoff - Tout va bien !,Divertissement
Jean-Michel Jarre dans la collection Machins Choses,Divertissement
Familles nombreuses : la vie en XXL,Divertissement
Génération Paname,Divertissement
Barbara Carlotti dans la collection Machins Choses,Divertissement
Chantons Aznavour,Divertissement
La Villa des Cœurs Brisés,Divertissement
Koh-Lanta,Divertissement
Lolywood,Divertissement
"Arcomik, parlez moi d'amour avec humour",Divertissement
Le Misanthrope,Divertissement
James Thierrée dans la collection Machins Choses,Divertissement
Vu,Divertissement
"Vendredi, tout est permis avec Arthur",Divertissement
